"","Track","Standard","Quantity [AU]","Area red - hRF 16 [AU]","Prediction Area red - hRF 16 [AU]","Area blue - hRF 12 [AU]","Prediction Area blue - hRF 12 [AU]"
"1","Track 1",TRUE,0.5,2.6455,0.4909,3.25055966984219,0.4908
"2","Track 2",TRUE,1,4.9544,1.0163,5.33768370507795,1.0207
"3","Track 3",TRUE,1.5,6.6673,1.5281,6.80431519033575,1.5106
"4","Track 4",TRUE,2,7.6072,1.9133,7.71731542358493,1.9362
"5","Track 5",TRUE,2.5,8.5343,2.593,8.45954435957607,2.5781
"6","s1",FALSE,2,7.6176,1.9184,7.75143813262656,1.9559
"7","s2",FALSE,2,7.6848,1.9518,7.65531458949578,1.9014
"8","s3",FALSE,2,7.7093,1.9644,7.63202056838412,1.8887
